{"cameraMode":{"drawMode":0,"name":"Shaded","section":"Shading Mode"},"sceneLighting":true,"audioPlay":false,"sceneViewState":{"m_AlwaysRefresh":false,"showFog":true,"showSkybox":true,"showFlares":true,"showImageEffects":true,"showParticleSystems":true,"showVisualEffectGraphs":true,"m_FxEnabled":true},"in2DMode":false,"pivot":{"x":96.32010650634766,"y":5.2805633544921879,"z":64.51614379882813},"rotation":{"x":0.5429329872131348,"y":-0.002544357208535075,"z":0.001585340709425509,"w":0.8398209810256958},"size":80.89652252197266,"orthographic":true}