{"cameraMode":{"drawMode":0,"name":"Shaded","section":"Shading Mode"},"sceneLighting":true,"audioPlay":false,"sceneViewState":{"m_AlwaysRefresh":false,"showFog":true,"showSkybox":true,"showFlares":true,"showImageEffects":true,"showParticleSystems":true,"showVisualEffectGraphs":true,"m_FxEnabled":true},"in2DMode":false,"pivot":{"x":26.19499969482422,"y":1.6549530029296876,"z":25.429611206054689},"rotation":{"x":0.5226160883903503,"y":-0.0012943571200594307,"z":0.0007565889973193407,"w":0.8526013493537903},"size":54.00505828857422,"orthographic":true}