{"cameraMode":{"drawMode":0,"name":"Shaded","section":"Shading Mode"},"sceneLighting":false,"audioPlay":false,"sceneViewState":{"m_AlwaysRefresh":false,"showFog":true,"showSkybox":false,"showFlares":true,"showImageEffects":true,"showParticleSystems":true,"showVisualEffectGraphs":true,"m_FxEnabled":true},"in2DMode":false,"pivot":{"x":0.003475666046142578,"y":0.8831002712249756,"z":-0.48147106170654299},"rotation":{"x":0.0006342026172205806,"y":0.7075356245040894,"z":-0.000633657444268465,"w":0.7066845297813416},"size":4.207382678985596,"orthographic":true}